    {
        "Transform": "AWS::SecretsManager-2020-07-23",
        "Description": "This is an example template to demonstrate CloudFormation resources for Secrets Manager",
        "Resources": {

            "MyRDSInstanceRotationSecret": {
                "Type": "AWS::SecretsManager::Secret",
                "Properties": {
                    "Description": "This is my rds instance secret",
					"Name": "DBTest-Secret",
                    "GenerateSecretString": {
                        "SecretStringTemplate": "{\"username\": \"admin\"}",
                        "GenerateStringKey": "password",
                        "PasswordLength": 8,
                        "ExcludeCharacters": "\"@/\\"
                    },
                    "Tags": [
                        {
                            "Key": "AppName",
                            "Value": "RDSVAL"
                        }
                    ]
                }
            },
            "RDSCluster" : {
          "Type": "AWS::RDS::DBCluster",
          "Properties" : {
			   "DBClusterIdentifier" : "TestDB",
              "MasterUsername" : {
                        "Fn::Sub": "{{resolve:secretsmanager:${MyRDSInstanceRotationSecret}::username}}"
                    },
              "MasterUserPassword" : {
                   "Fn::Sub": "{{resolve:secretsmanager:${MyRDSInstanceRotationSecret}::password}}"
              },
			  "DBSubnetGroupName": "default",
              "DBClusterIdentifier" : "rds-aurora",
              "Engine" : "aurora",
              "EngineVersion" : "5.6.10a",
              "EngineMode" : "serverless",
			  "ScalingConfiguration" : {
                  "AutoPause" : false,
                  "MinCapacity" : 1,
                  "MaxCapacity" : 4
              }
          }
      },
            
            "SecretRDSInstanceAttachment": {
                "Type": "AWS::SecretsManager::SecretTargetAttachment",
                "Properties": {
                    "SecretId": {
                        "Ref": "MyRDSInstanceRotationSecret"
                    },
                    "TargetId": {
                        "Ref": "RDSCluster"
                    },
                    "TargetType": "AWS::RDS::DBCluster"
                }
            }
        }
    }